col,best_row,best,second,confidence,char
0,0,0.0,0.0,0.0,
1,4,0.6719367504119873,0.0,0.6719367504119873,E
2,10,0.2292490154504776,0.18296529352664948,0.046283721923828125,K
3,4,0.5335968136787415,0.0,0.5335968136787415,E
4,16,0.028391167521476746,0.0,0.0,
5,0,0.0,0.0,0.0,
6,0,0.0,0.0,0.0,
7,0,0.0,0.0,0.0,
8,0,0.0,0.0,0.0,
9,0,0.0,0.0,0.0,
10,0,0.0,0.0,0.0,
11,0,0.0,0.0,0.0,
12,0,0.0,0.0,0.0,
13,0,0.0,0.0,0.0,
14,0,0.0,0.0,0.0,
15,0,0.0,0.0,0.0,
16,0,0.0,0.0,0.0,
17,0,0.0,0.0,0.0,
18,0,0.0,0.0,0.0,
19,0,0.0,0.0,0.0,
